Brand,Delete?
56 Brewing,DELETE
A12 LLC dba Bent Brewstillery,DELETE
Alloy Brewing Company,DELETE
AM Craft Spirits,
American Bottling Company,DELETE
Artisan Beer,DELETE
Bald Man Brewing,DELETE
Barrel Theory Beer Company,DELETE
Bauhaus Brew Labs,DELETE
Bellboy Corporation,
"Better Bev Co, LLC",DELETE
"Black Stack Brewing, Inc",DELETE
Blue Cloud Distribution - MN,DELETE
"Bourget Imports, LLC",
"Breakthru Beverage Minnesota Beer, LLC",DELETE
"Breakthru Beverage Minnesota Beer, LLC",DELETE
"Breakthru Beverage Minnesota Wine & Spirits, LLC",
Broken Clock Brewing Cooperative,DELETE
Cannon River Winery,DELETE
"Capitol Beverage Sales, L.P.",DELETE
"Capitol Beverage Sales, L.P.",DELETE
Carlos Creek Winery,DELETE
"Chas A. Bernick, Inc.",DELETE
"CIP Holdco, Inc.",DELETE
Clear River Beverage,DELETE
"College City Beverage, Inc.",DELETE
Coolie Nation,DELETE
Crooked Beverage Co,DELETE
Dahlheimer Beverage Monticello,DELETE
Dangerous Man Brewing,DELETE
Dangerous Man Brewing Co LLC,DELETE
"Defiant Distributors, LLC",DELETE
Dilemma Brewing Co.,DELETE
Do Not Use - Clear River Beverage,DELETE
Drekker Brewing Company,DELETE
Dual Citizen Brewing Company,DELETE
Elm Creek Brewing Company,DELETE
Emerald Elements,DELETE
ET Consultants,DELETE
Fair State Brewing Cooperative,DELETE
Falling Knife Brewing Company,DELETE
Flaherty's Happy Tyme Company,DELETE
"Grape Beginnings, Inc.",
Great Lakes Coca-Cola Distribution,DELETE
HeadFlyer Brewing,DELETE
Hectare's,DELETE
"Hohensteins, Inc.",DELETE
"HW Group, LLC",DELETE
Insight Brewing Company (D),DELETE
Insight Brewing Company,DELETE
Invictus Brewing Company,DELETE
Johnson Brothers - St. Paul,
Junkyard Brewing Company,DELETE
Klockow Brewing,DELETE
Libation Project,
Luce Line Brewing,DELETE
Lucid Brewing LLC Dba Inbound Brewco,DELETE
Lupulin Brewing Company,DELETE
"M Amundson, LLP",DELETE
"Maverick Beverage Co., LLC - MN",
McDonald Distributing Co dba Clear River Beverage,DELETE
Mega Beer LLC,DELETE
Midwest Reserve LLC,DELETE
Milstagrams LLC,DELETE
Minnesota Ice,DELETE
Minny Grown,DELETE
Minocqua Brewing Co Inc,DELETE
Modist,DELETE
Modist Brewing Company,DELETE
Moose Lake Brewing Co.,DELETE
"New France Wine Co, Inc",
Nibbana LLC,DELETE
Old World Beers,DELETE
Old World Canning Company,
OMNI Brewing Co.,DELETE
Origin Wine & Spirits,
Paustis Wine,
Pepsi-Cola,DELETE
Pequod Distribution,DELETE
Phillips Wine & Spirits - St. Paul,
Portage Brewing Company,DELETE
"Pryes Brewing Company, LLC",DELETE
Red Bull Distribution Company,DELETE
Sideshow Bloody Mary Mix,
Small Lot MN,
Southern Glazer's Wine & Spirits of MN,
Spiral Brewery,DELETE
Starry Eyed Brewing Co.,DELETE
Steel Toe Brewing,DELETE
"Stk Black Stack Brewing, Inc",DELETE
Superior Molecular,DELETE
Talking Waters Brewing Co.,DELETE
The Wine Company,
"Tradition Wine & Spirits, LLC",
Trio Supply Company,DELETE
"True Brands, Inc.",DELETE
"Unmapped Brewing Company, LLC",DELETE
Urban Growler Brewing Company,DELETE
Venn Brewing Co.,DELETE
"Vinocopia, Inc",
Wabasha Brewing Company,DELETE
Walmart,DELETE
Wine Merchants - St. Paul,
Wooden Hill Brewing Company,DELETE
WRS Imports,
Montgomery Brewing,DELETE
Bernicks,DELETE
HammerHeart Brewing Company,DELETE
Haggard Barrel Brewing Company LLC,DELETE
Oliphant Brewing,DELETE
MetroNOME Brewery,DELETE
Realbighuge LLC dba Wabasha Brewing Company,DELETE
Back Channel Brewing Co.,DELETE
Angry Inch Brewing LLC,DELETE
Ursa Minor Brewing,DELETE
Montgomery Brewing Company LLC,DELETE
Angry Inch Brewing LLC,DELETE
612 Brew,DELETE
"Arbeiter Brewing Company, LLC",DELETE
Montgomery Brewing Company LLC,DELETE
Social Ciderwerks,DELETE
Boom Island Brewing Co,DELETE
"Wooden Ship Brewing Company, LLC",DELETE
Insight,DELETE
"Blume Brauhaus, LLC dba Bent Brewstillery",DELETE
Jack Pine Brewery,DELETE
Big Axe Brewing Company,DELETE
"La Dona, SBC",DELETE
Angry Inch Brewing,DELETE
Artisan,DELETE
"Brau Brothers Brewing Company, LLC",DELETE
Nothing But Hemp LLC,DELETE
"True Brands, Inc.",DELETE
2 Towns,DELETE
"String Theory Cider, Inc.",
College City Beverage,DELETE
Joseph Zimmerley,DELETE
Mindy Gray,
Milk & Honey Ciders,DELETE
Ace Hard Cider,DELETE
Blake's,DELETE
Oxford Street Merchants,
DNU - Created from invalid import,DELETE
Summer Lakes Beverage LLC,DELETE
Sociable Cider Werks,DELETE
Discontinued,DELETE
SMASHD Drinks LLC,DELETE
